[
    {
    "name":"root.Jobs.Freelance",
    "imports":
    [
      "root.Freelance.Montrose_High_School",
      "root.Freelance.Technology_in_Education",
      "root.Freelance.Fandango",
      "root.Freelance.ICPA",
      "root.Freelance.Showtime",
      "root.Freelance._VVF",
      "root.Freelance.Team_Tactical"
    ]
    },
    {
    "name":"root.Jobs.Bayard",
    "imports":
    [
      "root.Bayard.ADP",
      "root.Bayard.Centene",
      "root.Bayard.University_of_Kentucky",
      "root.Bayard.Hertz",
      "root.Bayard.Six_Flags",
      "root.Bayard.Kaiser_Permanente",
      "root.Bayard.Ball_Aerospace"
    ]
    },
    {"name":"root.Freelance.Montrose_High_School","imports":[]},
    {"name":"Freelance.Montrose_High_School.Six_Flags","imports":[]},
    {"name":"root.Freelance.Technology_in_Education","imports":["root.Freelance.Montrose_High_School"]},
    {"name":"root.Freelance.Fandango","imports":[]},
    {"name":"root.Freelance.ICPA","imports":[]},
    {"name":"root.Freelance.Showtime","imports":[]},
    {"name":"root.Freelance._VVF","imports":[]},
    {"name":"root.Freelance.Team_Tactical","imports":[]},
    {"name":"root.Bayard.ADP","imports":[]},
    {"name":"root.Bayard.Centene","imports":[]},
    {"name":"root.Bayard.University_of_Kentucky", "imports":[]},
    {"name":"root.Bayard.Hertz","imports":[]},
    {"name":"root.Bayard.Six_Flags", "imports":[]},
    {"name":"root.Bayard.Kaiser_Permanente", "imports":[]},
    {"name":"root.Bayard.Ball_Aerospace", "imports":[]}
]
